ts	phase	decision	why	evidence	result
2026-08-27T12:38:30Z	scope	Focus Stack prototype를 HUD 교체의 승인된 기준으로 고정	사용자가 시안 그대로 구현을 승인했고 117개 보존 계약과 최신 Todo overlay 동작을 함께 유지해야 해서	/tmp/picky-focus-stack-workflow.md	scope locked
2026-08-27T12:38:31Z	workflow	읽기 병렬 조사 후 충돌 없는 순차 구현과 독립 검증을 선택	Card/List/Composer가 상태를 공유해 동시 편집은 충돌 위험이 크고 조사와 검증은 안전하게 병렬화할 수 있어서	/tmp/picky-focus-stack-workflow.md	open
2026-08-27T12:42:38Z	synthesis	새 narrow Live Step projection과 기존 expansion owner 재사용을 slice A 기준으로 선택	전체 SessionCard 구독을 새 strip에 복제하면 transcript streaming이 header/todo를 재계산하고 기존 view-model persistence를 우회하게 되어서	Picky/HUD/Conversation/PickySessionCommands.swift; /tmp/picky-focus-stack-slice-a.md	ready for implementation
2026-08-27T12:42:38Z	synthesis	Journal grouping과 IME/terminal 생명주기는 정책을 유지하고 presentation seam만 바꾸기로 결정	history anchor와 turn race latch, PickyIMETextView, terminal attachment store가 이미 정확한 owner라서	Picky/HUD/Conversation/PickyTurnCardView.swift; Picky/HUD/Conversation/PickyConversationComposerView.swift	deferred to slices B/C
2026-08-27T13:00:56Z	slice-a	Header·Context·Live Step·Todo slice 1차 구현과 독립 검증 완료	새 presentation seam이 owner와 identity 계약을 지키는지 구현자와 별도 검증자가 확인해서	Picky/HUD/Conversation/PickyConversationLiveStepView.swift; /tmp/PickyFocusStackSliceAVerifyDD	134 tests green, build green, P2 cleanup open
2026-08-27T13:00:56Z	slice-a-review	stale last-tool fallback과 Git metrics 누락을 보정 대상으로 판정	새 user turn 시작 직후 이전 tool을 현재 작업으로 보이면 잘못된 상태이고 승인 context summary는 +/- metrics를 포함해서	Picky/HUD/Conversation/PickyConversationLiveStepView.swift:69; Picky/HUD/Conversation/PickyConversationContextLineView.swift:158	repair requested
2026-08-27T13:06:57Z	slice-a-repair	현재 tool은 active tool만 표시하고 context Git metrics를 복구	turn boundary 없는 narrow projection이 완료 tool을 재사용하면 상태가 거짓이 되고 승인 summary에서 +/-가 빠졌기 때문	Picky/HUD/Conversation/PickyConversationLiveStepView.swift; Picky/HUD/Conversation/PickyConversationContextLineView.swift	135 tests green, build green
2026-08-27T13:06:57Z	slice-b	prior turn grouping은 유지하고 flat chapter presentation만 교체하기로 고정	history anchor와 collapse race latch, question hoist는 이미 검증된 owner라 구조를 옮기면 회귀 위험이 커서	/tmp/picky-focus-stack-slice-b.md	ready for implementation
2026-08-27T13:22:43Z	slice-b	prior turn을 flat chapter로 바꾸고 current turn과 message leaf를 원본 identity로 유지	중첩 card chrome을 없애면서 수동 확장 시 원본 user/body leaf를 그대로 되살려 interaction을 보존하려고	Picky/HUD/Conversation/PickyTurnCardView.swift; Picky/HUD/Conversation/PickyConversationListView.swift	159 tests green in 3 xcresults
2026-08-27T13:22:43Z	verifier	Slice B verifier가 테스트 후 최종 응답 전 종료되어 main이 diff와 xcresult를 독립 확인	완료 알림이 유실된 상태에서 판정을 지어내지 않고 실제 159/159 결과 3개와 invariant 코드를 근거로 진행하려고	/tmp/PickyFocusStackSliceBVerifyDD/Logs/Test/Test-Picky-2026.08.27_22-17-29-+0900.xcresult; subagent-24-1787836475899.jsonl	tests green, verdict text unavailable
2026-08-27T13:22:43Z	slice-c	Composer projection에 runtime/queue를 추가하고 Queue Dock을 유일한 visible mutation owner로 지정	IME subtree를 건드리지 않으면서 header density와 queue owner 계약을 동시에 만족하는 가장 좁은 seam이라서	/tmp/picky-focus-stack-slice-c.md	ready for implementation
2026-08-27T13:58:44Z	stress-review	3-agent final review를 PARTIAL/BLOCK으로 판정하고 shared Plan state, queue projection, question/Latest navigation을 repair 범위로 수용	verifier·reviewer·challenger가 raw queue dedupe와 navigation owner 결손을 공통 지적했고 main tracing에서 nonreactive todo binding과 raw restore도 재현 가능했기 때문	/tmp/picky-focus-stack-final-review.md; subagents 24,25,26	repair cycle 1 required
2026-08-27T13:58:44Z	review-triage	360pt header 재작성은 기각하고 Header+Context 2-region projection을 유지	승인 spec의 compact 두 줄은 identity header와 바로 아래 context summary를 뜻하며 production Card가 이미 그 구조를 사용해서	Picky/HUD/Conversation/PickyConversationCardView.swift:172; Picky/HUD/Conversation/PickyConversationHeaderView.swift:138	no change
2026-08-27T13:58:44Z	repair-plan	Composer message context를 equality-guarded user/history scalar store로 좁히고 shared visible-queue policy를 Journal/Dock/Restore에 적용	agent streaming 중 IME 경계를 불필요하게 invalidate하지 않으면서 stale queue restore와 count divergence를 함께 막으려고	Picky/Sessions/Projection/PickyConversationStore.swift; Picky/HUD/Conversation/PickySessionCommands.swift	cycle 1 planned
2026-08-27T14:02:12Z	repair-cycle-1	첫 worker가 shared queue policy 파일만 쓴 뒤 WebSocket error로 종료되어 부분 구현을 미완료로 분류	연결 실패를 완료로 오인하지 않고 atomic edit 실패와 테스트 0건을 그대로 기록하려고	subagent-27-1787839159021.jsonl; Picky/Sessions/PickyVisibleQueuePolicy.swift	incomplete, resume in smaller slices
2026-08-27T14:25:46Z	repair-cycle-1	shared visible queue와 equality-guarded Composer message context를 production owner에 연결	Journal·Dock·Restore의 stale queue divergence와 agent streaming의 Composer invalidation을 함께 제거하려고	Picky/Sessions/PickyVisibleQueuePolicy.swift; Picky/Sessions/Projection/PickyConversationStore.swift; Picky/HUD/Conversation/PickyConversationComposerView.swift	worker tests 401 + 50, build/lint green; main full test running
2026-08-27T14:25:46Z	repair-cycle-1	Card-owned Plan state와 List-owned question/Latest effect를 narrow request/state로 연결	sibling command query는 reactive하지 않았고 pending question·unpin navigation은 Journal scroll owner를 거쳐야 해서	Picky/HUD/Conversation/PickyConversationCardView.swift; Picky/HUD/Conversation/PickyConversationLiveStepView.swift; Picky/HUD/Conversation/PickyConversationListView.swift	worker tests 474 + 266 + 47, build/lint green; main full test running
2026-08-27T14:25:46Z	main-review	Plan opener toggle과 newly-mounted canonical question focus를 추가 보정	open 상태 help와 action이 불일치했고 hidden question은 initial nonzero token에서 onChange가 발생하지 않아서	Picky/HUD/Conversation/PickyConversationCardView.swift; Picky/HUD/Conversation/Bubbles/PickyQuestionBubbleView.swift	full test running
2026-08-27T14:28:32Z	repair-cycle-1-validation	누적 repair 이후 전체 Swift suite와 token/diff guard 통과	slice별 자기보고 대신 통합 worktree 산출물로 regression을 확인하려고	/tmp/PickyFocusStackRepair1MainDD/Logs/Test/Test-Picky-2026.08.27_23-25-38-+0900.xcresult	2268 tests green, token lint green, diff check green
2026-08-27T14:42:40Z	repair-cycle-2	question navigation을 retryable token effect로 만들고 focus consumption과 auto-collapse fallback을 추가	request metadata가 canonical message보다 먼저 도착하며 delayed two-hop scroll이 새 navigation을 덮을 수 있다는 production race를 막으려고	Picky/HUD/Conversation/PickyConversationListView.swift; Picky/HUD/Conversation/Bubbles/PickyQuestionBubbleView.swift; Picky/HUD/Conversation/PickyConversationCardView.swift	491 targeted tests green
2026-08-27T14:42:40Z	repair-cycle-2	360x320 constrained tier에서 Live Step을 한 줄, Queue count-before-actions를 두 줄, runtime control을 icon-only로 compact	Journal 80pt와 Composer intrinsic height를 우선 보호하면서 runtime actions는 접근 가능하게 유지하려고	Picky/HUD/Conversation/PickyConversationLiveStepView.swift; Picky/HUD/Conversation/PickyConversationComposerView.swift	policy tests green, runtime geometry evidence still limited
2026-08-27T14:42:40Z	repair-cycle-2	Context Details에 Workspace·Git·Links 접근성 heading 복구	transient popover의 세 그룹을 VoiceOver가 독립 탐색할 수 있게 하려고	Picky/HUD/Conversation/PickyConversationContextLineView.swift	build/tests green
2026-08-27T14:53:53Z	final-review	cycle 2 verifier와 reviewer가 최종 PASS, P0/P1/P2 0건으로 판정	509개 독립 targeted test와 production owner tracing 후 마지막 completed-Plan dead affordance까지 제거했기 때문	subagents 33,34; /tmp/PickyFSVerifyDD; /tmp/PickyFocusStackRepair2DD/Logs/Test/Test-Picky-2026.08.27_23-51-45-+0900.xcresult	PASS; runtime focus/scroll/360x320 geometry remains WindowServer-gated evidence gap
2026-08-27T14:57:15Z	final-validation	최종 clean DerivedData에서 전체 Swift test, build, token lint, diff check 통과	repair 2 이후 실제 누적 산출물을 마지막 commit gate에서 다시 증명하려고	/tmp/PickyFocusStackFinalDD/Logs/Test/Test-Picky-2026.08.27_23-54-02-+0900.xcresult	2269 tests green, BUILD SUCCEEDED, token lint green, diff check green
2026-08-28T01:38:13Z	followup-design	Latest turn 영구 확장·전체 agent segment full render, branch/folder Context summary, neutral compaction/time/runtime, supporting Thinking hierarchy를 적용	사용자 audit 피드백을 반영하면서 history anchor·race latch·journal identity·card status border 계약을 보존하려고	Picky/HUD/Conversation/PickyTurnCardView.swift; Picky/HUD/Conversation/PickyConversationListView.swift; Picky/HUD/Conversation/Bubbles/PickyTypingBubbleView.swift	implemented; card border diff 0
2026-08-28T01:38:13Z	followup-localization	Focus Stack HUD 신규 사용자 노출 문구를 명시적 en·ko catalog key로 통일	format·help·accessibility 문구까지 locale 전환 시 같은 의미를 유지하려고	Picky/Resources/Localizable.xcstrings; PickyTests/LocaleManagerTests.swift	139 HUD keys checked, missing 0, placeholder mismatch 0
2026-08-28T01:38:13Z	followup-validation	독립 reviewer PASS 후 최신 worktree 전체 test·build·token·catalog·diff gate 통과	Latest turn 다중 agent segment 보정까지 포함한 실제 누적 산출물을 commit 전에 다시 증명하려고	/tmp/PickyHUDFollowupFinalDD/Logs/Test/Test-Picky-2026.08.28_10-33-36-+0900.xcresult; reviewer 35	2273 Swift Testing + 89 XCTest green, BUILD SUCCEEDED, token/catalog/diff green; live HUD·hover·VoiceOver는 no-app-run 제약으로 미검증
